,Postal_Code,Color,Station
0,4251AA,ORANJE,BIESBOSCH
1,4254AA,ORANJE,BIESBOSCH
2,4261AA,ROOD,WAALWIJK
3,4264AA,ROOD,WAALWIJK
4,4271AA,ORANJE,GEERTRUIDENBERG
5,4283AA,ROOD,WAALWIJK
6,4285AA,ROOD,WAALWIJK
7,4286AA,ORANJE,GEERTRUIDENBERG
8,4611AA,GEEL,WOENSDRECHT
9,4613AA,ROOD,BERGEN OP ZOOM
10,4614AA,GEEL,WOENSDRECHT
11,4615AA,ROOD,BERGEN OP ZOOM
12,4616AA,GEEL,WOENSDRECHT
13,4617AA,GEEL,WOENSDRECHT
14,4622AA,GEEL,WOENSDRECHT
15,4623AA,GEEL,WOENSDRECHT
16,4624AA,GEEL,WOENSDRECHT
17,4625AA,GEEL,WOENSDRECHT
18,4631AA,GEEL,WOENSDRECHT
19,4634AA,GEEL,WOENSDRECHT
20,4635AA,GEEL,WOENSDRECHT
21,4651AA,ROOD,BERGEN OP ZOOM
22,4652AA,ROOD,BERGEN OP ZOOM
23,4655AA,ROOD,BERGEN OP ZOOM
24,4661AA,ROOD,BERGEN OP ZOOM
25,4701AA,GEEL,ROOSENDAAL
26,4702AA,GEEL,ROOSENDAAL
27,4703AA,GEEL,ROOSENDAAL
28,4705AA,GEEL,ROOSENDAAL
29,4706AA,GEEL,ROOSENDAAL
30,4707AA,GEEL,ROOSENDAAL
31,4708AA,GEEL,ROOSENDAAL
32,4709AA,GEEL,ROOSENDAAL
33,4711AA,ORANJE,ETTEN LEUR
34,4714AA,ORANJE,ETTEN LEUR
35,4715AA,GEEL,ROOSENDAAL
36,4721AA,ORANJE,ETTEN LEUR
37,4724AA,GEEL,ROOSENDAAL
38,4725AA,GEEL,ROOSENDAAL
39,4726AA,GEEL,ROOSENDAAL
40,4731AA,ORANJE,ETTEN LEUR
41,4735AA,GEEL,ROOSENDAAL
42,4741AA,ORANJE,ETTEN LEUR
43,4744AA,GEEL,ROOSENDAAL
44,4751AA,GEEL,ROOSENDAAL
45,4754AA,GEEL,ROOSENDAAL
46,4756AA,GEEL,ROOSENDAAL
47,4758AA,GEEL,ROOSENDAAL
48,4759AA,ORANJE,MOERDIJK
49,4761AA,ORANJE,MOERDIJK
50,4762AA,ORANJE,MOERDIJK
51,4781AA,ORANJE,MOERDIJK
52,4782AA,ORANJE,MOERDIJK
53,4791AA,ORANJE,MOERDIJK
54,4793AA,ORANJE,MOERDIJK
55,4794AA,GEEL,DINTELOORD
56,4797AA,ORANJE,MOERDIJK
57,4811AA,ROOD,BREDA
58,4813AA,ROOD,PRINCENHAGE
59,4814AA,ROOD,BREDA
60,4815AA,ROOD,BREDA
61,4816AA,ROOD,BREDA
62,4818AA,ROOD,BREDA
63,4819AA,ROOD,BREDA
64,4822AA,ROOD,BREDA
65,4823AA,ROOD,BREDA
66,4824AA,ROOD,BREDA
67,4825AA,ROOD,BREDA
68,4826AA,ROOD,BREDA
69,4827AA,ROOD,BREDA
70,4834AA,ROOD,BREDA
71,4835AA,ROOD,BREDA
72,4836AA,ROOD,BREDA
73,4837AA,ROOD,BREDA
74,4841AA,ROOD,PRINCENHAGE
75,4844AA,ROOD,BREDA
76,4847AA,ROOD,BREDA
77,4851AA,ROOD,BREDA
78,4854AA,ROOD,BREDA
79,4855AA,ROOD,BREDA
80,4856AA,ROOD,BREDA
81,4859AA,ROOD,BREDA
82,4861AA,ORANJE,TILBURG ZUID
83,4871AA,ORANJE,ETTEN LEUR
84,4872AA,ORANJE,ETTEN LEUR
85,4873AA,ORANJE,ETTEN LEUR
86,4874AA,ORANJE,ETTEN LEUR
87,4875AA,ORANJE,ETTEN LEUR
88,4876AA,ORANJE,ETTEN LEUR
89,4877AA,ORANJE,ETTEN LEUR
90,4878AA,ORANJE,ETTEN LEUR
91,4879AA,ORANJE,ETTEN LEUR
92,4881AA,ORANJE,ETTEN LEUR
93,4884AA,ORANJE,ETTEN LEUR
94,4885AA,ORANJE,ETTEN LEUR
95,4891AA,ORANJE,ETTEN LEUR
96,4901AA,ORANJE,OOSTEIND
97,4902AA,ORANJE,OOSTEIND
98,4904AA,ORANJE,OOSTEIND
99,4905AA,ORANJE,OOSTEIND
100,4906AA,ORANJE,GEERTRUIDENBERG
101,4907AA,ORANJE,OOSTEIND
102,4908AA,ORANJE,OOSTEIND
103,4909AA,ORANJE,OOSTEIND
104,4911AA,ROOD,BREDA
105,4921AA,ORANJE,GEERTRUIDENBERG
106,4924AA,ORANJE,GEERTRUIDENBERG
107,4926AA,ORANJE,MOERDIJK
108,4927AA,ORANJE,GEERTRUIDENBERG
109,4931AA,ORANJE,GEERTRUIDENBERG
110,4941AA,ORANJE,GEERTRUIDENBERG
111,4942AA,ORANJE,GEERTRUIDENBERG
112,4944AA,ORANJE,GEERTRUIDENBERG
113,5011AA,ORANJE,TILBURG NOORD
114,5013AA,ORANJE,TILBURG NOORD
115,5014AA,ORANJE,TILBURG CENTRUM
116,5015AA,ORANJE,TILBURG NOORD
117,5017AA,ORANJE,TILBURG CENTRUM
118,5018AA,ORANJE,TILBURG ZUID
119,5021AA,ORANJE,TILBURG ZUID
120,5022AA,ORANJE,TILBURG ZUID
121,5025AA,ORANJE,TILBURG ZUID
122,5032AA,ORANJE,TILBURG ZUID
123,5035AA,ORANJE,TILBURG WEST
124,5036AA,ORANJE,TILBURG WEST
125,5037AA,ORANJE,TILBURG ZUID
126,5038AA,ORANJE,TILBURG CENTRUM
127,5041AA,ORANJE,TILBURG CENTRUM
128,5042AA,ORANJE,TILBURG CENTRUM
129,5043AA,ORANJE,TILBURG WEST
130,5044AA,ORANJE,TILBURG WEST
131,5045AA,ORANJE,TILBURG WEST
132,5046AA,ORANJE,TILBURG CENTRUM
133,5048AA,ORANJE,TILBURG NOORD
134,5051AA,ORANJE,TILBURG ZUID
135,5053AA,ORANJE,TILBURG ZUID
136,5056AA,ORANJE,TILBURG NOORD
137,5057AA,ORANJE,TILBURG NOORD
138,5061AA,ORANJE,TILBURG NOORD
139,5062AA,ORANJE,TILBURG NOORD
140,5063AA,ORANJE,TILBURG NOORD
141,5066AA,ORANJE,TILBURG NOORD
142,5071AA,ORANJE,TILBURG NOORD
143,5076AA,ORANJE,TILBURG NOORD
144,5081AA,ORANJE,TILBURG ZUID
145,5087AA,ORANJE,TILBURG ZUID
146,5091AA,ORANJE,BEST
147,5094AA,ROOD,HAPERT
148,5095AA,ROOD,HAPERT
149,5101AA,ORANJE,OOSTEIND
150,5102AA,ORANJE,OOSTEIND
151,5103AA,ORANJE,OOSTEIND
152,5104AA,ORANJE,OOSTEIND
153,5105AA,ORANJE,OOSTEIND
154,5106AA,ORANJE,OOSTEIND
155,5109AA,ORANJE,OOSTEIND
156,5111AA,ORANJE,TILBURG ZUID
157,5114AA,ORANJE,TILBURG ZUID
158,5121AA,ORANJE,OOSTEIND
159,5131AA,ORANJE,TILBURG ZUID
160,5133AA,ORANJE,TILBURG ZUID
161,5141AA,ROOD,WAALWIJK
162,5142AA,ROOD,WAALWIJK
163,5143AA,ROOD,WAALWIJK
164,5144AA,ROOD,WAALWIJK
165,5145AA,ROOD,WAALWIJK
166,5146AA,ROOD,WAALWIJK
167,5151AA,ROOD,WAALWIJK
168,5154AA,ROOD,WAALWIJK
169,5156AA,ROOD,WAALWIJK
170,5161AA,ROOD,WAALWIJK
171,5165AA,ORANJE,GEERTRUIDENBERG
172,5171AA,ORANJE,TILBURG NOORD
173,5172AA,ORANJE,TILBURG NOORD
174,5175AA,ORANJE,TILBURG NOORD
175,5211AA,GEEL,S-HERTOGENBOSCH NOORD
176,5212AA,GEEL,S-HERTOGENBOSCH NOORD
177,5213AA,GEEL,S-HERTOGENBOSCH NOORD
178,5215AA,GEEL,S-HERTOGENBOSCH NOORD
179,5216AA,GEEL,S-HERTOGENBOSCH NOORD
180,5221AA,ORANJE,S-HERTOGENBOSCH WEST
181,5222AA,GEEL,S-HERTOGENBOSCH NOORD
182,5223AA,GEEL,S-HERTOGENBOSCH NOORD
183,5224AA,ORANJE,S-HERTOGENBOSCH WEST
184,5231AA,GEEL,S-HERTOGENBOSCH NOORD
185,5232AA,GEEL,S-HERTOGENBOSCH NOORD
186,5235AA,GEEL,S-HERTOGENBOSCH NOORD
187,5236AA,GEEL,S-HERTOGENBOSCH NOORD
188,5241AA,GEEL,S-HERTOGENBOSCH NOORD
189,5242AA,GEEL,S-HERTOGENBOSCH NOORD
190,5245AA,GEEL,S-HERTOGENBOSCH NOORD
191,5246AA,GEEL,S-HERTOGENBOSCH NOORD
192,5248AA,GEEL,S-HERTOGENBOSCH NOORD
193,5251AA,ORANJE,S-HERTOGENBOSCH WEST
194,5252AA,ORANJE,S-HERTOGENBOSCH WEST
195,5253AA,ORANJE,S-HERTOGENBOSCH WEST
196,5258AA,GEEL,S-HERTOGENBOSCH NOORD
197,5261AA,GEEL,S-HERTOGENBOSCH NOORD
198,5262AA,GEEL,S-HERTOGENBOSCH NOORD
199,5263AA,GEEL,S-HERTOGENBOSCH NOORD
200,5266AA,ORANJE,TILBURG NOORD
201,5268AA,ORANJE,TILBURG NOORD
202,5271AA,GEEL,S-HERTOGENBOSCH NOORD
203,5275AA,GEEL,S-HERTOGENBOSCH NOORD
204,5281AA,ROOD,BOXTEL
205,5291AA,ROOD,BOXTEL
206,5293AA,ROOD,BOXTEL
207,5294AA,ROOD,BOXTEL
208,5298AA,ROOD,BOXTEL
209,5341AA,GEEL,OSS
210,5343AA,GEEL,OSS
211,5344AA,GEEL,OSS
212,5345AA,GEEL,OSS
213,5348AA,GEEL,OSS
214,5349AA,GEEL,OSS
215,5351AA,GEEL,OSS
216,5361AA,ROOD,UDEN
217,5366AA,GEEL,OSS
218,5367AA,GEEL,OSS
219,5368AA,GEEL,OSS
220,5371AA,GEEL,OSS
221,5373AA,GEEL,OSS
222,5374AA,ROOD,UDEN
223,5375AA,ROOD,UDEN
224,5384AA,GEEL,OSS
225,5386AA,GEEL,OSS
226,5388AA,ROOD,UDEN
227,5391AA,GEEL,S-HERTOGENBOSCH NOORD
228,5394AA,GEEL,OSS
229,5397AA,GEEL,OSS
230,5401AA,ROOD,UDEN
231,5402AA,ROOD,UDEN
232,5403AA,ROOD,UDEN
233,5405AA,ROOD,UDEN
234,5406AA,ROOD,UDEN
235,5408AA,ROOD,UDEN
236,5409AA,ROOD,UDEN
237,5411AA,ROOD,UDEN
238,5421AA,ROOD,AARLE-RIXTEL
239,5422AA,ROOD,AARLE-RIXTEL
240,5427AA,ROOD,UDEN
241,5431AA,ROOD,HAPS
242,5432AA,GEEL,CUIJK
243,5433AA,ROOD,HAPS
244,5437AA,ROOD,HAPS
245,5438AA,ROOD,UDEN
246,5441AA,ROOD,HAPS
247,5443AA,ROOD,HAPS
248,5445AA,ROOD,HAPS
249,5446AA,ROOD,HAPS
250,5447AA,ROOD,HAPS
251,5449AA,ROOD,HAPS
252,5451AA,ROOD,HAPS
253,5461AA,ORANJE,EERDE
254,5463AA,ORANJE,EERDE
255,5466AA,ORANJE,EERDE
256,5467AA,ORANJE,EERDE
257,5469AA,ROOD,UDEN
258,5473AA,ORANJE,EERDE
259,5481AA,ORANJE,EERDE
260,5482AA,ORANJE,EERDE
261,5491AA,ORANJE,EERDE
262,5492AA,ORANJE,EERDE
263,5501AA,ORANJE,EINDHOVEN WEST
264,5502AA,ORANJE,EINDHOVEN WEST
265,5504AA,ORANJE,EINDHOVEN WEST
266,5505AA,ORANJE,EINDHOVEN WEST
267,5506AA,ORANJE,EINDHOVEN WEST
268,5508AA,ORANJE,EINDHOVEN WEST
269,5509AA,ORANJE,EINDHOVEN WEST
270,5511AA,ROOD,HAPERT
271,5512AA,ROOD,HAPERT
272,5513AA,ROOD,HAPERT
273,5521AA,ROOD,HAPERT
274,5524AA,ROOD,HAPERT
275,5525AA,ROOD,HAPERT
276,5527AA,ROOD,HAPERT
277,5528AA,ROOD,HAPERT
278,5529AA,ROOD,HAPERT
279,5531AA,ROOD,HAPERT
280,5534AA,ROOD,HAPERT
281,5541AA,ROOD,HAPERT
282,5551AA,GEEL,EINDHOVEN ZUID
283,5552AA,GEEL,EINDHOVEN ZUID
284,5553AA,GEEL,EINDHOVEN ZUID
285,5554AA,GEEL,EINDHOVEN ZUID
286,5555AA,GEEL,EINDHOVEN ZUID
287,5561AA,ROOD,HAPERT
288,5563AA,GEEL,EINDHOVEN ZUID
289,5571AA,ROOD,HAPERT
290,5575AA,ROOD,HAPERT
291,5581AA,GEEL,EINDHOVEN ZUID
292,5582AA,GEEL,EINDHOVEN ZUID
293,5583AA,GEEL,EINDHOVEN ZUID
294,5591AA,ROOD,Maarheeze
295,5595AA,ROOD,Maarheeze
296,5611AA,GEEL,EINDHOVEN OOST
297,5612AA,GEEL,EINDHOVEN OOST
298,5613AA,GEEL,EINDHOVEN OOST
299,5614AA,GEEL,EINDHOVEN OOST
300,5615AA,GEEL,EINDHOVEN OOST
301,5616AA,ORANJE,EINDHOVEN WEST
302,5617AA,ORANJE,EINDHOVEN WEST
303,5621AA,GEEL,EINDHOVEN NOORD
304,5622AA,GEEL,EINDHOVEN NOORD
305,5623AA,GEEL,EINDHOVEN NOORD
306,5624AA,GEEL,EINDHOVEN NOORD
307,5625AA,GEEL,EINDHOVEN NOORD
308,5626AA,GEEL,EINDHOVEN NOORD
309,5628AA,GEEL,EINDHOVEN OOST
310,5631AA,GEEL,EINDHOVEN OOST
311,5632AA,GEEL,EINDHOVEN OOST
312,5633AA,GEEL,EINDHOVEN OOST
313,5641AA,GEEL,EINDHOVEN OOST
314,5642AA,GEEL,EINDHOVEN OOST
315,5643AA,GEEL,EINDHOVEN OOST
316,5644AA,GEEL,EINDHOVEN OOST
317,5646AA,GEEL,EINDHOVEN OOST
318,5652AA,ORANJE,EINDHOVEN WEST
319,5653AA,ORANJE,EINDHOVEN WEST
320,5654AA,ORANJE,EINDHOVEN WEST
321,5655AA,ORANJE,EINDHOVEN WEST
322,5656AA,ORANJE,EINDHOVEN WEST
323,5657AA,ORANJE,EINDHOVEN WEST
324,5658AA,GEEL,EINDHOVEN NOORD
325,5661AA,GEEL,EINDHOVEN OOST
326,5662AA,GEEL,EINDHOVEN OOST
327,5663AA,GEEL,EINDHOVEN OOST
328,5665AA,GEEL,EINDHOVEN OOST
329,5666AA,GEEL,EINDHOVEN OOST
330,5667AA,GEEL,EINDHOVEN OOST
331,5671AA,GEEL,EINDHOVEN OOST
332,5672AA,GEEL,EINDHOVEN OOST
333,5673AA,GEEL,EINDHOVEN OOST
334,5674AA,GEEL,EINDHOVEN OOST
335,5682AA,ORANJE,BEST
336,5683AA,ORANJE,BEST
337,5684AA,ORANJE,BEST
338,5685AA,ORANJE,BEST
339,5688AA,ORANJE,BEST
340,5689AA,ORANJE,BEST
341,5691AA,ORANJE,BEST
342,5692AA,ORANJE,BEST
343,5694AA,ORANJE,BEST
344,5701AA,ORANJE,HELMOND ZUID
345,5702AA,ORANJE,HELMOND ZUID
346,5703AA,ORANJE,HELMOND ZUID
347,5704AA,ROOD,HELMOND OOST
348,5705AA,ROOD,HELMOND OOST
349,5706AA,ORANJE,HELMOND ZUID
350,5707AA,ORANJE,HELMOND ZUID
351,5708AA,ORANJE,HELMOND ZUID
352,5709AA,ROOD,HELMOND OOST
353,5711AA,ORANJE,HELMOND ZUID
354,5712AA,ROOD,Maarheeze
355,5715AA,ORANJE,HELMOND ZUID
356,5721AA,ORANJE,HELMOND ZUID
357,5722AA,ORANJE,HELMOND ZUID
358,5724AA,ORANJE,HELMOND ZUID
359,5725AA,ORANJE,HELMOND ZUID
360,5731AA,ORANJE,HELMOND ZUID
361,5737AA,ROOD,AARLE-RIXTEL
362,5738AA,ROOD,AARLE-RIXTEL
363,5751AA,ROOD,HELMOND OOST
364,5752AA,ROOD,HELMOND OOST
365,5753AA,ROOD,HELMOND OOST
366,5754AA,ROOD,HELMOND OOST
367,5756AA,ROOD,HELMOND OOST
368,5757AA,ORANJE,HELMOND ZUID
369,5758AA,ORANJE,HELMOND ZUID
370,5761AA,ROOD,AARLE-RIXTEL
371,5763AA,ROOD,AARLE-RIXTEL
372,5768AA,ORANJE,HELDEN
373,5801AA,ROOD,VENRAY
374,5802AA,ROOD,VENRAY
375,5803AA,ROOD,VENRAY
376,5804AA,ROOD,VENRAY
377,5807AA,ROOD,VENRAY
378,5808AA,ROOD,VENRAY
379,5809AA,ROOD,VENRAY
380,5811AA,ROOD,VENRAY
381,5812AA,ROOD,VENRAY
382,5813AA,ROOD,VENRAY
383,5814AA,ROOD,VENRAY
384,5816AA,ROOD,VENRAY
385,5821AA,ROOD,VENRAY
386,5823AA,ROOD,VENRAY
387,5824AA,ROOD,VENRAY
388,5825AA,ROOD,VENRAY
389,5826AA,ROOD,VENRAY
390,5827AA,ROOD,VENRAY
391,5831AA,ROOD,HAPS
392,5835AA,ROOD,HAPS
393,5836AA,ROOD,HAPS
394,5841AA,ROOD,HAPS
395,5843AA,ROOD,VENRAY
396,5844AA,ROOD,HAPS
397,5845AA,ROOD,HAPS
398,5851AA,ROOD,VENRAY
399,5853AA,ROOD,VENRAY
400,5854AA,ROOD,VENRAY
401,5855AA,ROOD,VENRAY
402,5856AA,ROOD,VENRAY
403,5861AA,ROOD,VENRAY
404,5862AA,ROOD,VENRAY
405,5863AA,ROOD,VENRAY
406,5864AA,ROOD,VENRAY
407,5865AA,ROOD,HORST
408,5866AA,ROOD,HORST
409,5871AA,ROOD,HORST
410,5872AA,ROOD,HORST
411,5900AA,GEEL,BLERICK
412,5911AA,GEEL,BLERICK
413,5912AA,GEEL,BLERICK
414,5913AA,GEEL,BLERICK
415,5914AA,GEEL,BLERICK
416,5915AA,GEEL,BLERICK
417,5916AA,GEEL,BLERICK
418,5921AA,GEEL,BLERICK
419,5922AA,GEEL,BLERICK
420,5923AA,GEEL,BLERICK
421,5924AA,GEEL,BLERICK
422,5925AA,GEEL,BLERICK
423,5932AA,ORANJE,BELFELD
424,5935AA,ORANJE,BELFELD
425,5941AA,GEEL,BLERICK
426,5943AA,ROOD,HORST
427,5951AA,ORANJE,BELFELD
428,5953AA,ORANJE,BELFELD
429,5954AA,WIT,MAALBROEK
430,5961AA,ROOD,HORST
431,5962AA,ROOD,HORST
432,5963AA,ROOD,HORST
433,5964AA,ROOD,HORST
434,5970AA,ROOD,HORST
435,5971AA,ROOD,HORST
436,5975AA,ROOD,HORST
437,5981AA,ORANJE,HELDEN
438,5986AA,ORANJE,HELDEN
439,5987AA,ORANJE,HELDEN
440,5988AA,ORANJE,HELDEN
441,5991AA,ORANJE,BELFELD
442,5993AA,ORANJE,BELFELD
443,5995AA,ORANJE,HELDEN
444,6001AA,ROOD,NEDERWEERT
445,6002AA,ROOD,WEERTHEIDE
446,6003AA,ROOD,NEDERWEERT
447,6004AA,ROOD,NEDERWEERT
448,6005AA,ROOD,WEERTHEIDE
449,6006AA,ROOD,WEERTHEIDE
450,6014AA,ROOD,MAASBRACHT
451,6015AA,ROOD,KELPEN
452,6017AA,ROOD,MAASBRACHT
453,6021AA,ROOD,Maarheeze
454,6023AA,ROOD,Maarheeze
455,6024AA,ROOD,Maarheeze
456,6026AA,ROOD,Maarheeze
457,6031AA,ROOD,NEDERWEERT
458,6035AA,ROOD,NEDERWEERT
459,6039AA,ROOD,KELPEN
460,6041AA,WIT,MAALBROEK
461,6042AA,WIT,ROERMOND
462,6043AA,WIT,ROERMOND
463,6045AA,WIT,ROERMOND
464,6049AA,WIT,ROERMOND
465,6051AA,ROOD,MAASBRACHT
466,6061AA,ROOD,MAASBRACHT
467,6063AA,ROOD,MAASBRACHT
468,6065AA,ROOD,MAASBRACHT
469,6067AA,ROOD,MAASBRACHT
470,6071AA,WIT,MAALBROEK
471,6074AA,ROOD,MAASBRACHT
472,6075AA,WIT,MAALBROEK
473,6077AA,WIT,ROERMOND
474,6080AA,ROOD,MAASBRACHT
475,6081AA,GEEL,BUGGENUM
476,6082AA,GEEL,BUGGENUM
477,6083AA,GEEL,BUGGENUM
478,6085AA,GEEL,BUGGENUM
479,6086AA,ORANJE,HELDEN
480,6088AA,GEEL,BUGGENUM
481,6093AA,GEEL,BUGGENUM
482,6096AA,ROOD,MAASBRACHT
483,6097AA,GEEL,BUGGENUM
484,6099AA,GEEL,BUGGENUM
485,6101AA,ROOD,MAASBRACHT
486,6102AA,ROOD,MAASBRACHT
487,6104AA,ROOD,MAASBRACHT
488,6105AA,ROOD,MAASBRACHT
489,6107AA,ROOD,MAASBRACHT
490,6109AA,ROOD,MAASBRACHT
491,6111AA,ROOD,MAASBRACHT
492,6112AA,ROOD,MAASBRACHT
493,6114AA,ROOD,MAASBRACHT
494,6116AA,GEEL,BORN
495,6118AA,GEEL,BORN
496,6120AA,GEEL,BORN
497,6124AA,GEEL,BORN
498,6125AA,GEEL,BORN
499,6127AA,GEEL,BORN
500,6129AA,WIT,LUTTERADE
501,6130AA,WIT,LUTTERADE
502,6131AA,WIT,LUTTERADE
503,6132AA,WIT,LUTTERADE
504,6133AA,WIT,LUTTERADE
505,6134AA,WIT,LUTTERADE
506,6135AA,WIT,LUTTERADE
507,6136AA,GEEL,BORN
508,6137AA,WIT,LUTTERADE
509,6141AA,GEEL,BORN
510,6142AA,WIT,LUTTERADE
511,6143AA,GEEL,BORN
512,6151AA,WIT,LUTTERADE
513,6153AA,WIT,LUTTERADE
514,6160AA,WIT,TREEBEEK
515,6161AA,WIT,LUTTERADE
516,6162AA,WIT,LUTTERADE
517,6163AA,WIT,LUTTERADE
518,6164AA,WIT,LUTTERADE
519,6165AA,WIT,LUTTERADE
520,6166AA,WIT,LUTTERADE
521,6170AA,WIT,LUTTERADE
522,6171AA,WIT,LUTTERADE
523,6176AA,GEEL,BEEK
524,6181AA,GEEL,BEEK
525,6190AA,WIT,LUTTERADE
526,6191AA,GEEL,BEEK
527,6199AA,GEEL,BEEK
528,6200AA,WIT,WITTEVROUWENVELD
529,6211AA,WIT,LIMMEL
530,6212AA,WIT,LIMMEL
531,6213AA,WIT,LIMMEL
532,6214AA,WIT,LIMMEL
533,6218AA,GEEL,BOSCHPOORT
534,6219AA,WIT,LIMMEL
535,6221AA,WIT,LIMMEL
536,6222AA,WIT,LIMMEL
537,6224AA,WIT,LIMMEL
538,6225AA,WIT,WITTEVROUWENVELD
539,6226AA,WIT,WITTEVROUWENVELD
540,6227AA,WIT,HEER
541,6231AA,WIT,LIMMEL
542,6235AA,WIT,LIMMEL
543,6241AA,WIT,LIMMEL
544,6243AA,GEEL,BEEK
545,6245AA,WIT,HEER
546,6247AA,WIT,HEER
547,6255AA,GEEL,SCHOONBRON
548,6265AA,WIT,HEER
549,6267AA,WIT,HEER
550,6269AA,GEEL,SCHOONBRON
551,6271AA,GEEL,SCHOONBRON
552,6285AA,GEEL,SCHOONBRON
553,6286AA,GEEL,SCHOONBRON
554,6287AA,GEEL,SCHOONBRON
555,6291AA,GEEL,SCHOONBRON
556,6294AA,GEEL,SCHOONBRON
557,6295AA,GEEL,SCHOONBRON
558,6301AA,GEEL,SCHOONBRON
559,6305AA,GEEL,SCHOONBRON
560,6325AA,WIT,WITTEVROUWENVELD
561,6333AA,GEEL,BEEK
562,6336AA,GEEL,SCHOONBRON
563,6343AA,GEEL,SCHOONBRON
564,6351AA,WIT,TERWINSELEN
565,6361AA,WIT,TREEBEEK
566,6363AA,WIT,TREEBEEK
567,6367AA,GEEL,SCHOONBRON
568,6369AA,WIT,TERWINSELEN
569,6371AA,WIT,TERWINSELEN
570,6372AA,WIT,TERWINSELEN
571,6374AA,WIT,TERWINSELEN
572,6400AA,WIT,HUSKENSWEG
573,6411AA,WIT,HUSKENSWEG
574,6412AA,WIT,HUSKENSWEG
575,6413AA,WIT,HUSKENSWEG
576,6414AA,WIT,HUSKENSWEG
577,6415AA,WIT,HUSKENSWEG
578,6416AA,WIT,HUSKENSWEG
579,6417AA,WIT,TERWINSELEN
580,6419AA,WIT,HUSKENSWEG
581,6431AA,WIT,TREEBEEK
582,6432AA,WIT,TREEBEEK
583,6436AA,WIT,TREEBEEK
584,6438AA,WIT,TREEBEEK
585,6439AA,WIT,TREEBEEK
586,6441AA,WIT,TREEBEEK
587,6442AA,WIT,TREEBEEK
588,6443AA,WIT,TREEBEEK
589,6444AA,WIT,TREEBEEK
590,6445AA,WIT,TREEBEEK
591,6446AA,WIT,TREEBEEK
592,6447AA,WIT,TREEBEEK
593,6451AA,WIT,TREEBEEK
594,6454AA,WIT,TREEBEEK
595,6456AA,WIT,TREEBEEK
596,6461AA,WIT,TERWINSELEN
597,6462AA,WIT,TERWINSELEN
598,6463AA,WIT,TERWINSELEN
599,6464AA,WIT,TERWINSELEN
600,6465AA,WIT,TERWINSELEN
601,6466AA,WIT,TERWINSELEN
602,6467AA,WIT,TERWINSELEN
603,6468AA,WIT,TERWINSELEN
604,6471AA,WIT,TERWINSELEN
605,6584AA,ROOD,GENNEP
606,6585AA,ROOD,GENNEP
607,6586AA,ROOD,GENNEP
608,6587AA,ROOD,GENNEP
609,6591AA,ROOD,GENNEP
610,6595AA,ROOD,GENNEP
611,6596AA,ROOD,GENNEP
612,6598AA,ROOD,GENNEP
613,7411AA,ORANJE,Deventer Bergweide
614,7412AA,ORANJE,Deventer Platvoet
615,7413AA,ORANJE,Deventer Platvoet
616,7416AA,ORANJE,Deventer Platvoet
617,7417AA,ORANJE,Deventer Platvoet
618,7418AA,ORANJE,Deventer Bergweide
619,7419AA,ORANJE,Deventer Platvoet
620,7421AA,ORANJE,Deventer Bergweide
621,7423AA,ORANJE,Deventer Bergweide
622,7424AA,ORANJE,Deventer Bergweide
623,7425AA,ORANJE,Deventer Bergweide
624,7429AA,ORANJE,Deventer Bergweide
625,7431AA,ORANJE,Deventer Platvoet
626,7433AA,ORANJE,Deventer Platvoet
627,7437AA,ORANJE,Deventer Bergweide
628,7441AA,ORANJE,Nijverdal
629,7442AA,ORANJE,Nijverdal
630,7443AA,ORANJE,Nijverdal
631,7447AA,ORANJE,Nijverdal
632,7448AA,ORANJE,Raalte
633,7451AA,ORANJE,Rijssen
634,7461AA,ORANJE,Rijssen
635,7462AA,ORANJE,Rijssen
636,7463AA,ORANJE,Rijssen
637,7468AA,GEEL,Goor
638,7472AA,GEEL,Goor
639,7475AA,GEEL,Goor
640,7478AA,GEEL,Goor
641,7481AA,WIT,Haaksbergen
642,7482AA,WIT,Haaksbergen
643,7483AA,WIT,Haaksbergen
644,7491AA,GEEL,Hengelo Weideweg
645,7496AA,GEEL,Goor
646,7511AA,GEEL,Enschede van Heekstraa
647,7512AA,GEEL,Enschede Wesselerbrink
648,7513AA,GEEL,Enschede van Heekstraa
649,7514AA,GEEL,Enschede van Heekstraa
650,7521AA,GEEL,Enschede van Heekstraa
651,7522AA,GEEL,Enschede van Heekstraa
652,7523AA,GEEL,Enschede Vechtstraat
653,7524AA,GEEL,Enschede Vechtstraat
654,7531AA,GEEL,Enschede Vechtstraat
655,7532AA,GEEL,Enschede Vechtstraat
656,7533AA,GEEL,Enschede Vechtstraat
657,7534AA,GEEL,Enschede Vechtstraat
658,7535AA,GEEL,Enschede Vechtstraat
659,7541AA,GEEL,Enschede Wesselerbrink
660,7543AA,GEEL,Enschede Wesselerbrink
661,7544AA,GEEL,Enschede Wesselerbrink
662,7545AA,GEEL,Enschede van Heekstraa
663,7546AA,GEEL,Enschede Wesselerbrink
664,7547AA,GEEL,Enschede van Heekstraa
665,7548AA,GEEL,Enschede Marssteden
666,7551AA,GEEL,Hengelo Weideweg
667,7552AA,GEEL,Hengelo Bolderhoek
668,7553AA,GEEL,Hengelo Weideweg
669,7555AA,GEEL,Hengelo Weideweg
670,7556AA,GEEL,Hengelo Weideweg
671,7557AA,GEEL,Hengelo Weideweg
672,7558AA,GEEL,Hengelo Weideweg
673,7559AA,GEEL,Hengelo Weideweg
674,7561AA,GEEL,Hengelo Weideweg
675,7581AA,GEEL,Losser
676,7582AA,GEEL,Losser
677,7586AA,GEEL,Losser
678,7587AA,GEEL,Losser
679,7591AA,GEEL,Oldenzaal
680,7595AA,GEEL,Oldenzaal
681,7610AA,ROOD,Vroomshoop
682,7621AA,GEEL,Hengelo Weideweg
683,7622AA,GEEL,Hengelo Weideweg
684,7631AA,GEEL,Oldenzaal
685,7641AA,ROOD,Almelo Mosterdpot
686,7642AA,ROOD,Almelo Mosterdpot
687,7645AA,ROOD,Almelo Mosterdpot
688,7651AA,ROOD,Tubbergen
689,7665AA,ROOD,Tubbergen
690,7671AA,ROOD,Vroomshoop
691,7672AA,ROOD,Vroomshoop
692,7676AA,ROOD,Vroomshoop
693,7678AA,ROOD,Tubbergen
694,7681AA,ROOD,Vroomshoop
695,7683AA,ROOD,Vroomshoop
696,7686AA,ROOD,Vroomshoop
697,7687AA,ROOD,Vroomshoop
698,7691AA,ROOD,HARDENBERG
699,7692AA,ROOD,HARDENBERG
700,7694AA,ROOD,Vroomshoop
701,7701AA,ROOD,DEDEMSVAART
702,7702AA,ROOD,DEDEMSVAART
703,7707AA,ROOD,Ommen Dante
704,7711AA,ROOD,Ommen Dante
705,7721AA,ROOD,Zwolle Hessenweg
706,7722AA,ROOD,Zwolle Hessenweg
707,7731AA,ROOD,Ommen Dante
708,7732AA,ROOD,Ommen Dante
709,7734AA,ROOD,Ommen Dante
710,7741AA,GEEL,Coevorden
711,7751AA,GEEL,Coevorden
712,7753AA,GEEL,Coevorden
713,7761AA,ROOD,VEENOORD
714,7764AA,ROOD,VEENOORD
715,7765AA,ROOD,VEENOORD
716,7771AA,ROOD,HARDENBERG
717,7772AA,ROOD,HARDENBERG
718,7773AA,ROOD,HARDENBERG
719,7775AA,ROOD,DEDEMSVAART
720,7776AA,ROOD,DEDEMSVAART
721,7783AA,GEEL,Coevorden
722,7784AA,ROOD,HARDENBERG
723,7788AA,ROOD,HARDENBERG
724,7811AA,ROOD,HARDENBERG
725,7812AA,ROOD,BARGERMEER
726,7813AA,ROOD,BARGERMEER
727,7815AA,ROOD,EMMEN WEERDINGE
728,7821AA,ROOD,BARGERMEER
729,7822AA,ROOD,EMMEN WEERDINGE
730,7823AA,ROOD,EMMEN WEERDINGE
731,7824AA,ROOD,EMMEN WEERDINGE
732,7825AA,ROOD,EMMEN WEERDINGE
733,7827AA,ROOD,BARGERMEER
734,7828AA,ROOD,BARGERMEER
735,7831AA,ROOD,EMMEN WEERDINGE
736,7833AA,ROOD,VEENOORD
737,7841AA,ROOD,BARGERMEER
738,7846AA,ROOD,BARGERMEER
739,7848AA,ROOD,EMMEN WEERDINGE
740,7851AA,ROOD,BEILEN
741,7861AA,GEEL,Coevorden
742,7873AA,ROOD,EMMEN WEERDINGE
743,7875AA,ROOD,EMMEN WEERDINGE
744,7876AA,ROOD,EMMEN WEERDINGE
745,7881AA,ROOD,EMMEN WEERDINGE
746,7885AA,ROOD,KLAZIENAVEEN ZWET
747,7887AA,ROOD,VEENOORD
748,7891AA,ROOD,KLAZIENAVEEN ZWET
749,7892AA,ROOD,KLAZIENAVEEN ZWET
750,7894AA,ROOD,KLAZIENAVEEN ZWET
751,7895AA,ROOD,MUSSELKANAAL ZANDBERG
752,7918AA,ROOD,HOOGEVEEN
753,7921AA,ROOD,HOOGEVEEN
754,7926AA,ROOD,HOOGEVEEN
755,7935AA,ROOD,HOOGEVEEN
756,7941AA,ROOD,Meppel
757,7942AA,ROOD,Meppel
758,7943AA,ROOD,Meppel
759,7944AA,ROOD,Meppel
760,7946AA,ROOD,Zwartsluis
761,7948AA,ROOD,Steenwijk
762,7951AA,ROOD,Meppel
763,7957AA,ROOD,Meppel
764,7961AA,ROOD,Meppel
765,7963AA,ROOD,HOOGEVEEN
766,7965AA,ROOD,Meppel
767,7966AA,ROOD,Meppel
768,7971AA,ROOD,Steenwijk
769,7975AA,ROOD,Steenwijk
770,7981AA,ROOD,BEILEN
771,7991AA,ROOD,BEILEN
772,8011AA,ROOD,Zwolle Weteringkade
773,8012AA,ROOD,Zwolle Weteringkade
774,8013AA,ROOD,Zwolle Weteringkade
775,8014AA,ROOD,Zwolle Weteringkade
776,8015AA,ROOD,Zwolle Weteringkade
777,8016AA,ROOD,Zwolle Weteringkade
778,8017AA,ROOD,Zwolle Weteringkade
779,8019AA,ROOD,Zwolle Frankhuisweg
780,8021AA,ROOD,Zwolle Weteringkade
781,8022AA,ROOD,Zwolle Weteringkade
782,8023AA,ROOD,Zwolle Weteringkade
783,8024AA,ROOD,Zwolle Weteringkade
784,8025AA,ROOD,Zwolle Weteringkade
785,8031AA,ROOD,Zwolle Hessenweg
786,8032AA,ROOD,Zwolle Frankhuisweg
787,8033AA,ROOD,Zwolle Frankhuisweg
788,8041AA,ROOD,Zwolle Frankhuisweg
789,8042AA,ROOD,Zwolle Frankhuisweg
790,8043AA,ROOD,Zwolle Frankhuisweg
791,8061AA,ROOD,Zwartsluis
792,8064AA,ROOD,Zwartsluis
793,8101AA,ORANJE,Raalte
794,8102AA,ORANJE,Raalte
795,8103AA,ORANJE,Raalte
796,8105AA,ORANJE,Raalte
797,8106AA,ORANJE,Raalte
798,8107AA,ORANJE,Raalte
799,8111AA,ORANJE,Raalte
800,8112AA,ORANJE,Raalte
801,8121AA,ORANJE,Olst
802,8124AA,ORANJE,Raalte
803,8131AA,ORANJE,Olst
804,8141AA,ORANJE,Raalte
805,8151AA,ORANJE,Raalte
806,8152AA,ORANJE,Raalte
807,8261AA,ROOD,Kampen
808,8262AA,ROOD,Kampen
809,8263AA,ROOD,Kampen
810,8265AA,ROOD,Kampen
811,8266AA,ROOD,Kampen
812,8267AA,ROOD,IJsselmuiden
813,8271AA,ROOD,IJsselmuiden
814,8274AA,ROOD,IJsselmuiden
815,8275AA,ROOD,Zwolle Frankhuisweg
816,8276AA,ROOD,Kampen
817,8277AA,ROOD,IJsselmuiden
818,8278AA,ROOD,Kampen
819,8281AA,ROOD,Zwartsluis
820,8325AA,ROOD,Vollenhove
821,8326AA,ROOD,Vollenhove
822,8355AA,ROOD,Steenwijk
823,8375AA,ROOD,Steenwijk
824,8381AA,ROOD,BEILEN
825,9301AA,GEEL,Vierverlaten 20kV
826,9302AA,GEEL,Vierverlaten 20kV
827,9312AA,GEEL,Vierverlaten 20kV
828,9321AA,GEEL,Vierverlaten 20kV
829,9331AA,GEEL,ZEIJERVEEN
830,9341AA,GEEL,ZEIJERVEEN
831,9351AA,GEEL,Vierverlaten 20kV
832,9354AA,GEEL,Vierverlaten 20kV
833,9356AA,GEEL,Vierverlaten 20kV
834,9363AA,GEEL,Vierverlaten 20kV
835,9401AA,GEEL,MARSDIJK
836,9402AA,GEEL,ZEIJERVEEN
837,9403AA,GEEL,MARSDIJK
838,9404AA,GEEL,MARSDIJK
839,9406AA,GEEL,ZEIJERVEEN
840,9407AA,GEEL,MARSDIJK
841,9408AA,GEEL,ZEIJERVEEN
842,9411AA,ROOD,BEILEN
843,9412AA,ROOD,BEILEN
844,9413AA,ROOD,BEILEN
845,9414AA,ROOD,BEILEN
846,9422AA,GEEL,ZEIJERVEEN
847,9431AA,ROOD,BEILEN
848,9451AA,GEEL,MARSDIJK
849,9468AA,ROOD,Kropswolde
850,9471AA,ROOD,Kropswolde
851,9481AA,GEEL,MARSDIJK
852,9491AA,GEEL,ZEIJERVEEN
853,9501AA,ROOD,STADSKANAAL
854,9502AA,ROOD,STADSKANAAL
855,9503AA,ROOD,STADSKANAAL
856,9541AA,GEEL,Meeden 20kV
857,9551AA,ROOD,MUSSELKANAAL ZANDBERG
858,9561AA,ROOD,MUSSELKANAAL ZANDBERG
859,9571AA,ROOD,EMMEN WEERDINGE
860,9581AA,ROOD,STADSKANAAL
861,9584AA,ROOD,MUSSELKANAAL ZANDBERG
862,9591AA,GEEL,Meeden 20kV
863,9601AA,ROOD,Kropswolde
864,9602AA,ROOD,Kropswolde
865,9603AA,ROOD,Kropswolde
866,9611AA,ROOD,Kropswolde
867,9613AA,ROOD,Kropswolde
868,9615AA,ROOD,Kropswolde
869,9617AA,ROOD,Kropswolde
870,9621AA,ROOD,Weiwerd 20kV
871,9626AA,ROOD,Weiwerd 20kV
872,9628AA,ROOD,Weiwerd 20kV
873,9635AA,GEEL,Meeden 20kV
874,9636AA,GEEL,Meeden 20kV
875,9641AA,ROOD,Veendam
876,9642AA,ROOD,Veendam
877,9645AA,ROOD,Veendam
878,9646AA,ROOD,Veendam
879,9648AA,ROOD,Veendam
880,9649AA,GEEL,Meeden 20kV
881,9651AA,GEEL,Meeden 20kV
882,9661AA,GEEL,Meeden 20kV
883,9665AA,GEEL,Meeden 20kV
884,9671AA,GEEL,Winschoten
885,9672AA,GEEL,Winschoten
886,9673AA,GEEL,Winschoten
887,9674AA,GEEL,Winschoten
888,9675AA,GEEL,Winschoten
889,9679AA,GEEL,Meeden 20kV
890,9681AA,GEEL,Meeden 20kV
891,9684AA,GEEL,Winschoten
892,9685AA,GEEL,Winschoten
893,9693AA,GEEL,Winschoten
894,9695AA,GEEL,Meeden 20kV
895,9698AA,GEEL,Meeden 20kV
896,9711AA,GEEL,Groningen Bornholmstra
897,9712AA,WIT,Groningen Bloemsingel
898,9713AA,WIT,Groningen Bloemsingel
899,9714AA,WIT,Groningen Bloemsingel
900,9715AA,WIT,Groningen Bloemsingel
901,9716AA,WIT,Groningen Bloemsingel
902,9717AA,WIT,Groningen Bloemsingel
903,9718AA,GEEL,Groningen v. Heemskerc
904,9721AA,GEEL,Groningen Bornholmstra
905,9722AA,GEEL,Groningen Bornholmstra
906,9723AA,GEEL,Groningen Bornholmstra
907,9724AA,GEEL,Groningen Bornholmstra
908,9725AA,GEEL,Groningen Bornholmstra
909,9726AA,GEEL,Groningen Bornholmstra
910,9727AA,GEEL,Groningen v. Heemskerc
911,9728AA,GEEL,Groningen v. Heemskerc
912,9731AA,GEEL,Groningen Bornholmstra
913,9732AA,GEEL,Groningen Bornholmstra
914,9733AA,GEEL,Groningen Bornholmstra
915,9734AA,GEEL,Groningen Bornholmstra
916,9735AA,GEEL,Groningen Bornholmstra
917,9736AA,GEEL,Groningen Bornholmstra
918,9738AA,GEEL,Groningen Bornholmstra
919,9741AA,GEEL,Groningen v. Heemskerc
920,9742AA,GEEL,Groningen v. Heemskerc
921,9743AA,GEEL,Groningen v. Heemskerc
922,9744AA,GEEL,Groningen v. Heemskerc
923,9745AA,GEEL,Groningen v. Heemskerc
924,9746AA,GEEL,Groningen v. Heemskerc
925,9747AA,GEEL,Groningen v. Heemskerc
926,9751AA,GEEL,Groningen Hunze
927,9752AA,GEEL,Groningen Hunze
928,9753AA,GEEL,Groningen Hunze
929,9756AA,GEEL,Groningen Hunze
930,9761AA,GEEL,Vierverlaten 20kV
931,9765AA,GEEL,Vierverlaten 20kV
932,9771AA,GEEL,Winsum Ranum
933,9781AA,GEEL,Winsum Ranum
934,9785AA,GEEL,Groningen Hunze
935,9791AA,GEEL,Groningen Hunze
936,9801AA,GEEL,Vierverlaten
937,9822AA,GEEL,Vierverlaten 20kV
938,9843AA,GEEL,Vierverlaten 20kV
939,9845AA,GEEL,Vierverlaten 20kV
940,9861AA,GEEL,Vierverlaten 20kV
941,9865AA,GEEL,Vierverlaten 20kV
942,9866AA,GEEL,Vierverlaten 20kV
943,9891AA,GEEL,Winsum Ranum
944,9901AA,ROOD,Weiwerd 20kV
945,9902AA,ROOD,Weiwerd 20kV
946,9903AA,ROOD,Weiwerd 20kV
947,9909AA,GEEL,Eemshaven-Midden 20kV
948,9919AA,ROOD,Weiwerd 20kV
949,9931AA,ROOD,Weiwerd 20kV
950,9932AA,ROOD,Weiwerd 20kV
951,9933AA,ROOD,Weiwerd 20kV
952,9934AA,ROOD,Weiwerd 20kV
953,9944AA,ROOD,Weiwerd 20kV
954,9951AA,GEEL,Winsum Ranum
955,9964AA,GEEL,Winsum Ranum
956,9968AA,GEEL,Winsum Ranum
957,9971AA,GEEL,Winsum Ranum
958,9979AA,GEEL,Winsum Ranum
959,9981AA,GEEL,Eemshaven-Midden 20kV
960,9982AA,GEEL,Eemshaven-Midden 20kV
961,9989AA,GEEL,Winsum Ranum
962,9991AA,GEEL,Winsum Ranum
